시군명,정류소명,정류소영문명,정류소id,정류소번호,중앙차로여부,관할관청,위치,WGS84위도,WGS84경도
화순군,가로1구,,334000001,,,전라남도 화순군,,35.054879,127.07238
화순군,가로1구,,334000002,,,전라남도 화순군,,35.054912,127.072299
화순군,가봉리,,334000003,,,전라남도 화순군,,34.940698,126.95716
화순군,가봉리,,334000004,,,전라남도 화순군,,34.940667,126.957258
화순군,가수리1구,,334000005,,,전라남도 화순군,,35.097858,127.148768
화순군,가수리2구,,334000006,,,전라남도 화순군,,35.10914,127.171496
화순군,가수리2구,,334000007,,,전라남도 화순군,,35.109177,127.171433
화순군,가수리3구,,334000008,,,전라남도 화순군,,35.12316,127.182382
화순군,가수리입구,,334000009,,,전라남도 화순군,,35.100376,127.140647
화순군,가수리입구,,334000010,,,전라남도 화순군,,35.1004,127.140535
화순군,가암리1구,,334000011,,,전라남도 화순군,,35.003913,126.98854
화순군,가암리2구,,334000012,,,전라남도 화순군,,34.998442,126.994277
화순군,가암리2구,,334000013,,,전라남도 화순군,,34.998506,126.99418
화순군,갈두(리),,334000014,,,전라남도 화순군,,35.089366,127.044603
화순군,갈두(리),,334000015,,,전라남도 화순군,,35.08937,127.044573
화순군,갈전,,334000016,,,전라남도 화순군,,35.189812,127.11242
화순군,갈전,,334000017,,,전라남도 화순군,,35.189814,127.11231
화순군,감도리1구,,334000018,,,전라남도 화순군,,35.034683,126.980018
화순군,감도리2구,,334000019,,,전라남도 화순군,,35.0384331,126.9752579
화순군,감도리2구,,334000020,,,전라남도 화순군,,35.038428,126.975332
화순군,갑동,,334000021,,,전라남도 화순군,,35.110327,127.061133
화순군,갑동,,334000022,,,전라남도 화순군,,35.110386,127.061117
화순군,개화동,,334000023,,,전라남도 화순군,,34.860442,127.035428
화순군,개화동,,334000024,,,전라남도 화순군,,34.860546,127.035414
화순군,검산(리),,334000028,,,전라남도 화순군,,34.982983,127.091588
화순군,경현리,,334000029,,,전라남도 화순군,,35.052887,127.08734
화순군,경현리,,334000030,,,전라남도 화순군,,35.052892,127.087368
화순군,계소리1구,,334000033,,,전라남도 화순군,,35.050756,126.958689
화순군,계소리1구,,334000034,,,전라남도 화순군,,35.050818,126.9583453
화순군,계소리,,334000035,,,전라남도 화순군,,35.050866,126.951121
화순군,계소리,,334000036,,,전라남도 화순군,,35.050901,126.949901
화순군,계소리3구,,334000037,,,전라남도 화순군,,35.047297,126.956677
화순군,계소리3구,,334000038,,,전라남도 화순군,,35.047308,126.956572
화순군,고려병원,,334000039,,,전라남도 화순군,,35.056605,126.990233
화순군,고려병원,,334000040,,,전라남도 화순군,,35.056577,126.99015
화순군,고암촌,,334000041,,,전라남도 화순군,,34.930015,127.025272
화순군,고암촌,,334000042,,,전라남도 화순군,,34.93002,127.025401
화순군,곰치,,334000045,,,전라남도 화순군,,34.843954,126.938243
화순군,곰치,,334000046,,,전라남도 화순군,,34.843949,126.938345
화순군,곰치휴게소,,334000047,,,전라남도 화순군,,34.830461,126.936931
화순군,곰치휴게소,,334000048,,,전라남도 화순군,,34.830481,126.93681
화순군,공간아파트,,334000049,,,전라남도 화순군,,35.067205,126.987665
화순군,공간아파트,,334000050,,,전라남도 화순군,,35.067163,126.987475
화순군,광대월,,334000051,,,전라남도 화순군,,34.962167,126.961357
화순군,광업소,,334000054,,,전라남도 화순군,,34.928549,127.015533
화순군,광업소,,334000055,,,전라남도 화순군,,34.928672,127.015611
화순군,교육청,,334000067,,,전라남도 화순군,,35.065185,126.987394
화순군,교육청,,334000068,,,전라남도 화순군,,35.065525,126.987217
화순군,구례리1구,,334000069,,,전라남도 화순군,,34.860554,127.035014
화순군,구례리1구,,334000070,,,전라남도 화순군,,34.860744,127.035092
화순군,구봉(리),,334000071,,,전라남도 화순군,,35.037258,127.077958
화순군,구봉(리),,334000072,,,전라남도 화순군,,35.037327,127.078034
화순군,구산,,334000073,,,전라남도 화순군,,35.130792,127.079979
화순군,구산,,334000074,,,전라남도 화순군,,35.130682,127.079984
화순군,구암(리),,334000077,,,전라남도 화순군,,35.03406,127.073077
화순군,구암(리),,334000078,,,전라남도 화순군,,35.034016,127.072967
화순군,구암1리,,334000079,,,전라남도 화순군,,35.033466,127.073038
화순군,구암1리,,334000080,,,전라남도 화순군,,35.033436,127.072908
화순군,구암2리,,334000081,,,전라남도 화순군,,35.03023,127.075486
화순군,구암2리,,334000082,,,전라남도 화순군,,35.0303,127.075577
화순군,구암산장,,334000083,,,전라남도 화순군,,35.021736,127.077017
화순군,구암산장,,334000084,,,전라남도 화순군,,35.021762,127.076824
화순군,국동(리),,334000085,,,전라남도 화순군,,35.07221,127.028011
화순군,국동(리),,334000086,,,전라남도 화순군,,35.072179,127.027882
화순군,금능(리),,334000089,,,전라남도 화순군,,34.923675,126.991218
화순군,금능(리),,334000090,,,전라남도 화순군,,34.923649,126.991326
화순군,금능삼거리,,334000091,,,전라남도 화순군,,34.920592,126.991796
화순군,금능삼거리,,334000092,,,전라남도 화순군,,34.920333,126.991935
화순군,금호아파트,,334000093,,,전라남도 화순군,,35.0631,126.992335
화순군,금호아파트,,334000094,,,전라남도 화순군,,35.063134,126.992571
화순군,길성,,334000097,,,전라남도 화순군,,35.155773,127.1219406
화순군,길성,,334000098,,,전라남도 화순군,,35.155784,127.121885
화순군,나드리노인복지관,,334000099,,,전라남도 화순군,,35.045268,126.963565
화순군,나드리노인복지관,,334000100,,,전라남도 화순군,,35.045367,126.963474
화순군,남덕,,334000110,,,전라남도 화순군,,34.854436,127.046008
화순군,남덕,,334000111,,,전라남도 화순군,,34.854372,127.045923
화순군,사평면사무소,,334000112,,,전라남도 화순군,,35.006972,127.095316
화순군,사평면사무소,,334000113,,,전라남도 화순군,,35.007005,127.095491
화순군,남정리2구,,334000114,,,전라남도 화순군,,34.996625,126.949556
화순군,남정리2구,,334000115,,,전라남도 화순군,,34.996548,126.949556
화순군,남치(리),,334000116,,,전라남도 화순군,,35.188927,127.119788
화순군,남치(리),,334000117,,,전라남도 화순군,,35.188998,127.119713
화순군,내리입구,,334000120,,,전라남도 화순군,,35.038955,127.12265
화순군,내리입구,,334000121,,,전라남도 화순군,,35.038985,127.122535
화순군,넘은골,,334000125,,,전라남도 화순군,,35.034777,127.066002
화순군,넘은골,,334000126,,,전라남도 화순군,,35.034808,127.066505
화순군,노기리,,334000127,,,전라남도 화순군,,35.172506,127.134945
화순군,노기리,,334000128,,,전라남도 화순군,,35.172497,127.13505
화순군,노치(리),,334000131,,,전라남도 화순군,,35.144869,127.172813
화순군,노치(리),,334000132,,,전라남도 화순군,,35.144852,127.172703
화순군,노치(리),,334000133,,,전라남도 화순군,,35.035656,127.118079
화순군,노치(리),,334000134,,,전라남도 화순군,,35.03557,127.118154
화순군,동면농공단지,,334000137,,,전라남도 화순군,,35.026388,127.017447
화순군,동면농공단지,,334000138,,,전라남도 화순군,,35.026455,127.017538
화순군,농소,,334000139,,,전라남도 화순군,,35.026261,127.029516
화순군,농소,,334000140,,,전라남도 화순군,,35.026386,127.029677
화순군,농협혼수센터,,334000141,,,전라남도 화순군,,35.055777,126.988877
화순군,농협혼수센터,,334000142,,,전라남도 화순군,,35.055716,126.988886
화순군,능주고,,334000143,,,전라남도 화순군,,34.986513,126.960063
화순군,능주고,,334000144,,,전라남도 화순군,,34.98648,126.959997
화순군,능주교,,334000145,,,전라남도 화순군,,34.99675,126.959805
화순군,능주교,,334000146,,,전라남도 화순군,,34.996544,126.959844
화순군,능주농공단지,,334000147,,,전라남도 화순군,,34.984533,126.962307
화순군,능주농공단지,,334000148,,,전라남도 화순군,,34.984478,126.962265
화순군,능주면사무소,,334000149,,,전라남도 화순군,,34.990069,126.95863
화순군,능주면사무소,,334000150,,,전라남도 화순군,,34.990066,126.958569
화순군,능주사거리,,334000151,,,전라남도 화순군,,34.992011,126.957983
화순군,능주사거리,,334000152,,,전라남도 화순군,,34.991886,126.957958
화순군,능주정류장,,334000153,,,전라남도 화순군,,34.991622,126.958122
화순군,능주초교,,334000154,,,전라남도 화순군,,34.988516,126.958516
화순군,능주초교,,334000155,,,전라남도 화순군,,34.988513,126.958455
화순군,다곡,,334000156,,,전라남도 화순군,,35.129886,127.142396
화순군,다곡,,334000157,,,전라남도 화순군,,35.129886,127.142549
화순군,다산,,334000158,,,전라남도 화순군,,35.021903,127.125983
화순군,다산,,334000159,,,전라남도 화순군,,35.021841,127.125877
화순군,다지(리)1구,,334000160,,,전라남도 화순군,,35.049482,126.997893
화순군,다지(리)1구,,334000161,,,전라남도 화순군,,35.049458,126.998016
화순군,다지2구,,334000162,,,전라남도 화순군,,35.042977,127.003591
화순군,다지2구,,334000163,,,전라남도 화순군,,35.043027,127.00373
화순군,강례,,334000164,,,전라남도 화순군,,35.187416,127.171018
화순군,강례,,334000165,,,전라남도 화순군,,35.187374,127.170962
화순군,대곡리2구,,334000166,,,전라남도 화순군,,34.99933,126.935225
화순군,대곡리2구,,334000167,,,전라남도 화순군,,34.999358,126.935145
화순군,대곡입구,,334000168,,,전라남도 화순군,,34.995573,127.091472
화순군,대곡입구,,334000169,,,전라남도 화순군,,34.995559,127.091523
화순군,대리교통광장(남),,334000172,,,전라남도 화순군,,35.052934,126.971773
화순군,대리교통광장(남),,334000173,,,전라남도 화순군,,35.052932,126.971934
화순군,대리사거리,,334000174,,,전라남도 화순군,,35.05293,126.971255
화순군,대리사거리,,334000175,,,전라남도 화순군,,35.053002,126.971255
화순군,대비리,,334000176,,,전라남도 화순군,,34.885752,126.95556
화순군,대비리입구,,334000177,,,전라남도 화순군,,34.879158,126.969909
화순군,대비리입구,,334000178,,,전라남도 화순군,,34.879121,126.969804
화순군,대신리1구,,334000181,,,전라남도 화순군,,34.95627,126.942354
화순군,대신리1구,,334000182,,,전라남도 화순군,,34.956311,126.942266
화순군,대신리2리,,334000183,,,전라남도 화순군,,34.957534,126.945573
화순군,대신리2리,,334000184,,,전라남도 화순군,,34.957441,126.945503
화순군,대신리3구,,334000185,,,전라남도 화순군,,34.958809,126.954545
화순군,대신리3구,,334000186,,,전라남도 화순군,,34.958919,126.954446
화순군,대원사입구,,334000187,,,전라남도 화순군,,34.975212,127.164873
화순군,대원사입구,,334000188,,,전라남도 화순군,,34.975175,127.164999
화순군,대전,,334000189,,,전라남도 화순군,,34.989323,127.14064
화순군,대전,,334000190,,,전라남도 화순군,,34.989282,127.140562
화순군,덕곡(리)1구,,334000191,,,전라남도 화순군,,35.008053,126.880623
화순군,덕곡(리)2구,,334000192,,,전라남도 화순군,,35.00821,126.890636
화순군,덕곡(리)2구,,334000193,,,전라남도 화순군,,35.008245,126.890561
화순군,덕산,,334000194,,,전라남도 화순군,,34.903451,126.876179
화순군,덕산,,334000195,,,전라남도 화순군,,34.903484,126.87608
화순군,도곡농공단지,,334000196,,,전라남도 화순군,,34.997225,126.930585
화순군,도곡농공단지,,334000197,,,전라남도 화순군,,34.996326,126.930569
화순군,도곡면사무소,,334000198,,,전라남도 화순군,,34.996326,126.917708
화순군,도곡면사무소,,334000199,,,전라남도 화순군,,34.99639,126.917775
화순군,도곡사거리,,334000200,,,전라남도 화순군,,34.999769,126.901858
화순군,도곡온천단지,,334000201,,,전라남도 화순군,,35.029471,126.903647
화순군,도곡온천단지입구,,334000202,,,전라남도 화순군,,35.028301,126.904964
화순군,도곡온천단지입구,,334000203,,,전라남도 화순군,,35.028149,126.904844
화순군,도곡중학교,,334000204,,,전라남도 화순군,,35.012676,126.909712
화순군,도곡중학교,,334000205,,,전라남도 화순군,,35.01272,126.909634
화순군,도산,,334000206,,,전라남도 화순군,,34.972532,126.964438
화순군,도산,,334000207,,,전라남도 화순군,,34.972476,126.964456
화순군,도암면사무소,,334000208,,,전라남도 화순군,,34.937303,126.897725
화순군,도암면사무소,,334000209,,,전라남도 화순군,,34.937336,126.897629
화순군,도암삼거리,,334000210,,,전라남도 화순군,,34.93455,126.898339
화순군,도암삼거리,,334000211,,,전라남도 화순군,,34.934684,126.898369
화순군,도웅리1구,,334000212,,,전라남도 화순군,,35.051671,126.939737
화순군,도웅리2구,,334000213,,,전라남도 화순군,,35.050681,126.946182
화순군,도웅리2구,,334000214,,,전라남도 화순군,,35.051106,126.945995
화순군,도장리,,334000215,,,전라남도 화순군,,34.964038,126.888321
화순군,도장리,,334000216,,,전라남도 화순군,,34.964021,126.888238
화순군,동림동,,334000219,,,전라남도 화순군,,35.054433,127.052893
화순군,동면,,334000220,,,전라남도 화순군,,35.03075,127.04198
화순군,동면,,334000221,,,전라남도 화순군,,35.030705,127.042019
화순군,동면사무소.우평,,334000222,,,전라남도 화순군,,35.030017,127.039888
화순군,동면사무소.우평,,334000223,,,전라남도 화순군,,35.029985,127.04007
화순군,동복정류소,,334000224,,,전라남도 화순군,,35.070312,127.127923
화순군,동복정류소,,334000225,,,전라남도 화순군,,35.07039,127.127993
화순군,동복주유소,,334000226,,,전라남도 화순군,,35.073298,127.127562
화순군,동복주유소,,334000227,,,전라남도 화순군,,35.073259,127.127451
화순군,동복중학교,,334000228,,,전라남도 화순군,,35.063183,127.130275
화순군,동복중학교,,334000229,,,전라남도 화순군,,35.063203,127.130181
화순군,동산입구,,334000230,,,전라남도 화순군,,34.968585,127.06495
화순군,동산입구,,334000231,,,전라남도 화순군,,34.968489,127.064961
화순군,동암,,334000234,,,전라남도 화순군,,35.029263,127.05083
화순군,동암,,334000235,,,전라남도 화순군,,35.029166,127.050502
화순군,동정,,334000236,,,전라남도 화순군,,35.07541,127.141937
화순군,동정,,334000237,,,전라남도 화순군,,35.075373,127.141846
화순군,둔동,,334000238,,,전라남도 화순군,,35.045896,127.124409
화순군,둔동,,334000239,,,전라남도 화순군,,35.045879,127.124302
화순군,등광리,,334000240,,,전라남도 화순군,,34.91351,126.900977
화순군,뜬바위,,334000241,,,전라남도 화순군,,34.927229,127.012111
화순군,뜬바위,,334000242,,,전라남도 화순군,,34.927278,127.012049
화순군,마산리,,334000243,,,전라남도 화순군,,35.066785,127.065025
화순군,마산리,,334000244,,,전라남도 화순군,,35.066871,127.064878
화순군,만수리,,334000247,,,전라남도 화순군,,35.012516,126.953405
화순군,만수리,,334000248,,,전라남도 화순군,,35.012516,126.953511
화순군,만연교,,334000249,,,전라남도 화순군,,35.063391,126.988926
화순군,만연교,,334000250,,,전라남도 화순군,,35.063527,126.988901
화순군,매정1구,,334000251,,,전라남도 화순군,,34.868715,127.01868
화순군,매정1구,,334000252,,,전라남도 화순군,,34.868666,127.018591
화순군,매정2구,,334000253,,,전라남도 화순군,,34.865743,127.026268
화순군,매정2구,,334000254,,,전라남도 화순군,,34.865654,127.026139
화순군,면사무소앞,,334000255,,,전라남도 화순군,,34.977352,126.998675
화순군,면사무소앞,,334000256,,,전라남도 화순군,,34.977408,126.998568
화순군,모산교,,334000257,,,전라남도 화순군,,34.978384,126.972859
화순군,모산교,,334000258,,,전라남도 화순군,,34.978483,126.972564
화순군,모산리,,334000259,,,전라남도 화순군,,34.980393,126.971025
화순군,모산리,,334000260,,,전라남도 화순군,,34.980485,126.971011
화순군,묘치,,334000261,,,전라남도 화순군,,35.06619,127.089364
화순군,묘치,,334000262,,,전라남도 화순군,,35.066219,127.08931
화순군,무리동,,334000263,,,전라남도 화순군,,35.053665,127.073742
화순군,무리동,,334000264,,,전라남도 화순군,,35.053663,127.0736
화순군,묵곡(리),,334000265,,,전라남도 화순군,,34.90806,127.034512
화순군,묵곡(리),,334000266,,,전라남도 화순군,,34.908091,127.034582
화순군,문성석재,,334000267,,,전라남도 화순군,,35.021661,127.076922
화순군,문성석재,,334000268,,,전라남도 화순군,,35.021641,127.076861
화순군,미곡리1구,,334000269,,,전라남도 화순군,,35.020722,126.927347
화순군,미곡리2구,,334000270,,,전라남도 화순군,,35.014034,126.929733
화순군,미곡리2구,,334000271,,,전라남도 화순군,,35.014006,126.929832
화순군,반곡리,,334000272,,,전라남도 화순군,,34.973582,127.069772
화순군,밤실,,334000273,,,전라남도 화순군,,35.090522,127.143512
화순군,밤실입구,,334000274,,,전라남도 화순군,,35.090913,127.132612
화순군,밤실입구,,334000275,,,전라남도 화순군,,35.090981,127.132491
화순군,백동,,334000276,,,전라남도 화순군,,35.040805,127.006988
화순군,백동,,334000277,,,전라남도 화순군,,35.040638,127.006963
화순군,백암,,334000278,,,전라남도 화순군,,35.025114,126.951074
화순군,백암,,334000279,,,전라남도 화순군,,35.024912,126.950828
화순군,공설운동장,,334000284,,,전라남도 화순군,,35.050077,126.966944
화순군,공설운동장,,334000285,,,전라남도 화순군,,35.050025,126.966997
화순군,벽라리,,334000286,,,전라남도 화순군,,35.051188,126.96985
화순군,벽라리,,334000287,,,전라남도 화순군,,35.051261,126.969897
화순군,벽라리(화순역),,334000288,,,전라남도 화순군,,35.053136,126.966241
화순군,벽라리(화순역),,334000289,,,전라남도 화순군,,35.053061,126.966294
화순군,벽송(리),,334000290,,,전라남도 화순군,,35.011844,127.082047
화순군,벽송(리),,334000291,,,전라남도 화순군,,35.011838,127.081872
화순군,벽송저수지,,334000292,,,전라남도 화순군,,35.015747,127.078722
화순군,벽송저수지,,334000293,,,전라남도 화순군,,35.01558,127.078675
화순군,벽지리,,334000294,,,전라남도 화순군,,34.956366,126.889349
화순군,벽지리,,334000295,,,전라남도 화순군,,34.956443,126.889249
화순군,변천리입구,,334000296,,,전라남도 화순군,,34.924448,126.93636
화순군,변천리입구,,334000297,,,전라남도 화순군,,34.924577,126.936319
화순군,보건소앞,,334000298,,,전라남도 화순군,,35.056618,126.98171
화순군,보건소앞,,334000299,,,전라남도 화순군,,35.056219,126.981566
화순군,보월(리),,334000300,,,전라남도 화순군,,35.11662,127.05918
화순군,보월(리),,334000301,,,전라남도 화순군,,35.116521,127.059229
화순군,보월삼거리,,334000302,,,전라남도 화순군,,35.11665,127.049273
화순군,보월삼거리,,334000303,,,전라남도 화순군,,35.116716,127.049184
화순군,복구,,334000304,,,전라남도 화순군,,34.970032,126.886176
화순군,복구,,334000305,,,전라남도 화순군,,34.970083,126.886176
화순군,복령,,334000306,,,전라남도 화순군,,35.066047,127.122725
화순군,복령,,334000307,,,전라남도 화순군,,35.065931,127.122642
화순군,복림마을,,334000308,,,전라남도 화순군,,35.049779,127.085418
화순군,복림마을,,334000309,,,전라남도 화순군,,35.049871,127.085276
화순군,봉학,,334000310,,,전라남도 화순군,,34.886418,126.850225
화순군,봉학,,334000311,,,전라남도 화순군,,34.886411,126.850454
화순군,부곡1구,,334000312,,,전라남도 화순군,,34.955818,126.975523
화순군,부곡1구,,334000313,,,전라남도 화순군,,34.955854,126.975456
화순군,부곡3구,,334000314,,,전라남도 화순군,,34.96732,126.971267
화순군,부곡3구,,334000315,,,전라남도 화순군,,34.967144,126.971277
화순군,부영6차아파트,,334000316,,,전라남도 화순군,,35.065264,126.992606
화순군,부영6차아파트,,334000317,,,전라남도 화순군,,35.065249,126.992407
화순군,복교,,334000318,,,전라남도 화순군,,34.973235,127.163408
화순군,복교,,334000319,,,전라남도 화순군,,34.973241,127.163521
화순군,북면사무소,,334000320,,,전라남도 화순군,,35.167796,127.133009
화순군,북면사무소,,334000321,,,전라남도 화순군,,35.167845,127.13295
화순군,북면중교,,334000322,,,전라남도 화순군,,35.165942,127.13362
화순군,북면중교,,334000323,,,전라남도 화순군,,35.166007,127.133709
화순군,분교,,334000324,,,전라남도 화순군,,34.856672,126.941408
화순군,분교,,334000325,,,전라남도 화순군,,34.856613,126.941507
화순군,비룡,,334000326,,,전라남도 화순군,,35.086295,127.207905
화순군,비룡,,334000327,,,전라남도 화순군,,35.086434,127.207864
화순군,사수(리),,334000330,,,전라남도 화순군,,34.993971,127.134972
화순군,사수(리),,334000331,,,전라남도 화순군,,34.993749,127.13498
화순군,사은동,,334000332,,,전라남도 화순군,,34.875664,127.048127
화순군,사은동,,334000333,,,전라남도 화순군,,34.875585,127.048227
화순군,사평중입구,,334000334,,,전라남도 화순군,,35.008025,127.089022
화순군,사평중입구,,334000335,,,전라남도 화순군,,35.007991,127.088655
화순군,사평초교,,334000336,,,전라남도 화순군,,35.00765,127.093361
화순군,사평초교,,334000337,,,전라남도 화순군,,35.007788,127.093316
화순군,산간리,,334000338,,,전라남도 화순군,,34.930318,126.95052
화순군,산간리,,334000339,,,전라남도 화순군,,34.930686,126.950656
화순군,삼화동,,334000342,,,전라남도 화순군,,35.10806,127.044775
화순군,삼화동,,334000343,,,전라남도 화순군,,35.108144,127.044721
화순군,상곡,,334000344,,,전라남도 화순군,,35.143207,127.13945
화순군,상곡,,334000345,,,전라남도 화순군,,35.143106,127.139451
화순군,상사,,334000348,,,전라남도 화순군,,35.000325,127.094905
화순군,상사,,334000349,,,전라남도 화순군,,35.000417,127.094857
화순군,샘터마을,,334000350,,,전라남도 화순군,,34.925107,127.008141
화순군,샘터마을,,334000351,,,전라남도 화순군,,34.925065,127.008243
화순군,생명산업,,334000352,,,전라남도 화순군,,34.97446,126.969062
화순군,생명산업,,334000353,,,전라남도 화순군,,34.974598,126.969169
화순군,서리,,334000354,,,전라남도 화순군,,35.083312,127.090437
화순군,서리,,334000355,,,전라남도 화순군,,35.083295,127.090568
화순군,서성리,,334000356,,,전라남도 화순군,,35.066305,127.03179
화순군,서성리,,334000357,,,전라남도 화순군,,35.066272,127.031736
화순군,서온동,,334000358,,,전라남도 화순군,,34.878405,127.068197
화순군,서유리,,334000359,,,전라남도 화순군,,35.173603,127.092907
화순군,서유리,,334000360,,,전라남도 화순군,,35.173442,127.092837
화순군,서태리1구,,334000361,,,전라남도 화순군,,35.039486,126.950947
화순군,서태리1구,,334000362,,,전라남도 화순군,,35.039505,126.950894
화순군,신촌,,334000363,,,전라남도 화순군,,35.031555,126.944408
화순군,신촌,,334000364,,,전라남도 화순군,,35.031591,126.944402
화순군,석복,,334000365,,,전라남도 화순군,,34.996278,127.085778
화순군,석복,,334000366,,,전라남도 화순군,,34.996282,127.085686
화순군,석정역,,334000367,,,전라남도 화순군,,34.955092,126.96164
화순군,석정역,,334000368,,,전라남도 화순군,,34.955239,126.961548
화순군,세량리,,334000371,,,전라남도 화순군,,35.074383,126.91365
화순군,세량리,,334000372,,,전라남도 화순군,,35.073863,126.913886
화순군,세청리,,334000373,,,전라남도 화순군,,34.892737,126.975448
화순군,세청리,,334000374,,,전라남도 화순군,,34.892802,126.975442
화순군,송계1구,,334000377,,,전라남도 화순군,,35.118503,127.04654
화순군,송계1구,,334000378,,,전라남도 화순군,,35.118542,127.046451
화순군,송단(평지),,334000379,,,전라남도 화순군,,35.178458,127.182498
화순군,방리.송단,,334000380,,,전라남도 화순군,,35.189263,127.168142
화순군,방리.송단,,334000381,,,전라남도 화순군,,35.189198,127.168038
화순군,송석주유소,,334000382,,,전라남도 화순군,,34.930805,126.987998
화순군,송석주유소,,334000383,,,전라남도 화순군,,34.930618,126.98806
화순군,송정,,334000384,,,전라남도 화순군,,34.865585,127.010306
화순군,송정,,334000385,,,전라남도 화순군,,34.865429,127.010356
화순군,송정,,334000386,,,전라남도 화순군,,34.998163,127.13252
화순군,송정,,334000387,,,전라남도 화순군,,34.998058,127.13248
화순군,송정입구,,334000388,,,전라남도 화순군,,34.868923,127.011692
화순군,송정입구,,334000389,,,전라남도 화순군,,34.869113,127.011735
화순군,수동,,334000390,,,전라남도 화순군,,35.016761,126.952833
화순군,수동,,334000391,,,전라남도 화순군,,35.01675,126.952711
화순군,수리,,334000392,,,전라남도 화순군,,35.139022,127.151234
화순군,수리,,334000393,,,전라남도 화순군,,35.139092,127.151154
화순군,수리입구,,334000394,,,전라남도 화순군,,35.131457,127.142133
화순군,수리입구,,334000395,,,전라남도 화순군,,35.131474,127.142015
화순군,수만리1구,,334000396,,,전라남도 화순군,,35.087358,127.016386
화순군,수만리1구,,334000397,,,전라남도 화순군,,35.087331,127.016196
화순군,수만리2구,,334000398,,,전라남도 화순군,,35.09043,127.005955
화순군,수만리2구,,334000399,,,전라남도 화순군,,35.090378,127.005982
화순군,수만리3구,,334000400,,,전라남도 화순군,,35.095601,127.002229
화순군,수만리3구,,334000401,,,전라남도 화순군,,35.095711,127.002267
화순군,신기리,,334000402,,,전라남도 화순군,,35.067447,126.989462
화순군,신기리,,334000403,,,전라남도 화순군,,35.067356,126.989489
화순군,신기마을,,334000404,,,전라남도 화순군,,35.132119,127.091466
화순군,신기마을,,334000405,,,전라남도 화순군,,35.132274,127.09156
화순군,신덕3구,,334000406,,,전라남도 화순군,,35.007624,126.917109
화순군,신덕3구,,334000407,,,전라남도 화순군,,35.007687,126.917131
화순군,신덕종점,,334000408,,,전라남도 화순군,,35.013508,126.920632
화순군,신리1구,,334000409,,,전라남도 화순군,,34.872141,126.97501
화순군,신리1구,,334000410,,,전라남도 화순군,,34.872438,126.974852
화순군,신리2구,,334000411,,,전라남도 화순군,,34.880675,126.983143
화순군,신리2구,,334000412,,,전라남도 화순군,,34.88073,126.983196
화순군,신성레미콘,,334000413,,,전라남도 화순군,,34.935473,126.954068
화순군,신성레미콘,,334000414,,,전라남도 화순군,,34.935625,126.954033
화순군,신성리,,334000415,,,전라남도 화순군,,35.007301,126.899908
화순군,신성리,,334000416,,,전라남도 화순군,,35.007325,126.899831
화순군,신성리,,334000417,,,전라남도 화순군,,35.102443,127.141956
화순군,신성리,,334000418,,,전라남도 화순군,,35.102551,127.141871
화순군,신성리1구,,334000419,,,전라남도 화순군,,35.093266,127.133829
화순군,신성리1구,,334000420,,,전라남도 화순군,,35.093226,127.133977
화순군,신운,,334000426,,,전라남도 화순군,,35.0257,127.0219861
화순군,신운,,334000427,,,전라남도 화순군,,35.025627,127.022125
화순군,신율1구,,334000428,,,전라남도 화순군,,35.093248,127.133816
화순군,신율1구,,334000429,,,전라남도 화순군,,35.093174,127.133942
화순군,안성2구,,334000430,,,전라남도 화순군,,35.098467,127.137582
화순군,안성2구,,334000431,,,전라남도 화순군,,35.098412,127.137727
화순군,신촌,,334000432,,,전라남도 화순군,,34.982054,127.076631
화순군,신촌,,334000433,,,전라남도 화순군,,34.982184,127.076615
화순군,신풍,,334000434,,,전라남도 화순군,,34.85926,126.944919
화순군,신풍,,334000435,,,전라남도 화순군,,34.85937,126.944835
화순군,실버타운반석복지회,,334000436,,,전라남도 화순군,,34.976845,126.985595
화순군,실버타운반석복지회,,334000437,,,전라남도 화순군,,34.976865,126.985669
화순군,쌍봉1구,,334000438,,,전라남도 화순군,,34.869313,127.039955
화순군,쌍봉1구,,334000439,,,전라남도 화순군,,34.869373,127.039917
화순군,쌍봉2구,,334000440,,,전라남도 화순군,,34.872938,127.044174
화순군,쌍봉2구,,334000441,,,전라남도 화순군,,34.872977,127.044101
화순군,쌍봉사입구,,334000443,,,전라남도 화순군,,34.885975,127.060047
화순군,쌍봉사입구,,334000444,,,전라남도 화순군,,34.886052,127.060052
화순군,쌍옥리1구,,334000445,,,전라남도 화순군,,34.99213,126.896882
화순군,쌍옥리1구,,334000446,,,전라남도 화순군,,34.99211,126.896996
화순군,쌍옥리2구,,334000447,,,전라남도 화순군,,34.983407,126.892425
화순군,쌍옥리2구,,334000448,,,전라남도 화순군,,34.9833,126.892414
화순군,석당,,334000449,,,전라남도 화순군,,35.105803,127.147125
화순군,석당,,334000450,,,전라남도 화순군,,35.105912,127.147074
화순군,안성리,,334000451,,,전라남도 화순군,,35.11332,127.152965
화순군,안성리,,334000452,,,전라남도 화순군,,35.113294,127.153061
화순군,안심,,334000453,,,전라남도 화순군,,35.105865,127.0420227
화순군,안심,,334000454,,,전라남도 화순군,,35.105864,127.041974
화순군,안심저수지,,334000455,,,전라남도 화순군,,35.0957,127.044091
화순군,안심저수지,,334000456,,,전라남도 화순군,,35.095711,127.043986
화순군,앵남,,334000457,,,전라남도 화순군,,35.048288,126.905686
화순군,앵남,,334000458,,,전라남도 화순군,,35.04829,126.9056
화순군,앵남2구,,334000459,,,전라남도 화순군,,35.048252,126.905694
화순군,앵남2구,,334000460,,,전라남도 화순군,,35.048215,126.905608
화순군,앵남역,,334000461,,,전라남도 화순군,,35.050308,126.90586
화순군,앵남역,,334000462,,,전라남도 화순군,,35.050306,126.905718
화순군,야사,,334000463,,,전라남도 화순군,,35.109887,127.077665
화순군,야사,,334000464,,,전라남도 화순군,,35.109847,127.077591
화순군,약수마을,,334000465,,,전라남도 화순군,,35.153518,127.14369
화순군,약수마을,,334000466,,,전라남도 화순군,,35.153493,127.143788
화순군,양계장입구,,334000467,,,전라남도 화순군,,34.948635,126.936292
화순군,양계장입구,,334000468,,,전라남도 화순군,,34.948514,126.93637
화순군,양곡1구,,334000469,,,전라남도 화순군,,34.945282,126.936157
화순군,양곡1구,,334000470,,,전라남도 화순군,,34.945313,126.936124
화순군,양곡2구,,334000471,,,전라남도 화순군,,34.943117,126.9341
화순군,양곡2구,,334000472,,,전라남도 화순군,,34.943011,126.934163
화순군,양만장,,334000477,,,전라남도 화순군,,34.870068,126.974582
화순군,양만장,,334000478,,,전라남도 화순군,,34.870174,126.974544
화순군,양지뜰,,334000479,,,전라남도 화순군,,34.858512,127.008105
화순군,양지뜰,,334000480,,,전라남도 화순군,,34.858494,127.007983
화순군,어리,,334000481,,,전라남도 화순군,,34.898757,126.967908
화순군,어리,,334000482,,,전라남도 화순군,,34.898682,126.967953
화순군,어리2구,,334000483,,,전라남도 화순군,,34.90219,126.965863
화순군,어림,,334000484,,,전라남도 화순군,,35.08082,127.04913
화순군,어림,,334000485,,,전라남도 화순군,,35.080797,127.048986
화순군,엔돌핀모텔,,334000486,,,전라남도 화순군,,35.028215,126.905083
화순군,엔돌핀모텔,,334000487,,,전라남도 화순군,,35.028103,126.904999
화순군,한진레미콘,,334000488,,,전라남도 화순군,,35.032752,126.947355
화순군,한진레미콘,,334000489,,,전라남도 화순군,,35.032688,126.9474
화순군,연동,,334000490,,,전라남도 화순군,,35.043573,127.124008
화순군,연동,,334000491,,,전라남도 화순군,,35.043384,127.124026
화순군,연양리1구,,334000492,,,전라남도 화순군,,35.041938,126.962794
화순군,연양리1구,,334000493,,,전라남도 화순군,,35.041936,126.962861
화순군,연양리2구,,334000494,,,전라남도 화순군,,35.039036,126.962619
화순군,연양리2구,,334000495,,,전라남도 화순군,,35.039041,126.962511
화순군,연화공장,,334000496,,,전라남도 화순군,,35.034844,126.960836
화순군,연화공장,,334000497,,,전라남도 화순군,,35.034763,126.960919
화순군,연화리입구,,334000498,,,전라남도 화순군,,34.867456,127.021099
화순군,연화리입구,,334000499,,,전라남도 화순군,,34.867287,127.021233
화순군,영평마을,,334000500,,,전라남도 화순군,,35.115823,127.043498
화순군,영평마을,,334000501,,,전라남도 화순군,,35.115909,127.043412
화순군,오곡,,334000502,,,전라남도 화순군,,34.973072,127.069102
화순군,오룡,,334000503,,,전라남도 화순군,,35.017998,127.10106
화순군,오룡,,334000504,,,전라남도 화순군,,35.017828,127.101066
화순군,오류촌,,334000505,,,전라남도 화순군,,34.897637,126.989534
화순군,오류촌,,334000506,,,전라남도 화순군,,34.897248,126.989183
화순군,오산,,334000507,,,전라남도 화순군,,34.977167,127.013355
화순군,오산,,334000508,,,전라남도 화순군,,34.977252,127.013237
화순군,오성아파트,,334000509,,,전라남도 화순군,,35.051771,126.9574164
화순군,오성아파트,,334000510,,,전라남도 화순군,,35.051603,126.957659
화순군,오음삼거리,,334000511,,,전라남도 화순군,,34.978523,127.030173
화순군,오음삼거리,,334000512,,,전라남도 화순군,,34.978639,127.030095
화순군,오지호미술관,,334000513,,,전라남도 화순군,,35.067251,127.130152
화순군,오지호미술관,,334000514,,,전라남도 화순군,,35.067211,127.130074
화순군,옥리1구,,334000515,,,전라남도 화순군,,34.902044,127.059224
화순군,옥리1구,,334000516,,,전라남도 화순군,,34.902136,127.059224
화순군,옥리2구,,334000517,,,전라남도 화순군,,34.90131,127.075575
화순군,옥리2구,,334000518,,,전라남도 화순군,,34.901335,127.074695
화순군,온천,,334000519,,,전라남도 화순군,,35.162815,127.08563
화순군,온천,,334000520,,,전라남도 화순군,,35.162992,127.085507
화순군,옹리,,334000521,,,전라남도 화순군,,35.152705,127.089723
화순군,옹리,,334000522,,,전라남도 화순군,,35.152703,127.089581
화순군,옹림,,334000523,,,전라남도 화순군,,35.007193,127.021807
화순군,왕정(리),,334000524,,,전라남도 화순군,,34.880823,126.840605
화순군,왕정(리),,334000525,,,전라남도 화순군,,34.880826,126.840717
화순군,요양병원,,334000526,,,전라남도 화순군,,34.929043,126.92382
화순군,요양병원,,334000527,,,전라남도 화순군,,34.928982,126.923713
화순군,용강리,,334000528,,,전라남도 화순군,,34.910077,126.874595
화순군,용강리,,334000529,,,전라남도 화순군,,34.910009,126.874465
화순군,용곡(리)1구,,334000530,,,전라남도 화순군,,34.938632,126.929748
화순군,용곡(리)1구,,334000531,,,전라남도 화순군,,34.938598,126.929619
화순군,용곡(리)2구,,334000532,,,전라남도 화순군,,34.933699,126.927597
화순군,용곡(리)2구,,334000533,,,전라남도 화순군,,34.933672,126.927731
화순군,용곡리입구,,334000534,,,전라남도 화순군,,34.926873,126.927805
화순군,용곡리입구,,334000535,,,전라남도 화순군,,34.926943,126.927884
화순군,용곡마을,,334000536,,,전라남도 화순군,,35.060472,126.9977638
화순군,용곡마을,,334000537,,,전라남도 화순군,,35.060327,126.9978027
화순군,용관1구,,334000538,,,전라남도 화순군,,34.926872,127.030744
화순군,용관1구,,334000539,,,전라남도 화순군,,34.926792,127.030924
화순군,장치리,,334000540,,,전라남도 화순군,,34.922923,127.03135
화순군,장치리,,334000541,,,전라남도 화순군,,34.922994,127.031307
화순군,용두리,,334000542,,,전라남도 화순군,,34.941752,126.98258
화순군,용두리,,334000543,,,전라남도 화순군,,34.941803,126.982486
화순군,용안,,334000544,,,전라남도 화순군,,35.023209,127.107587
화순군,용안,,334000545,,,전라남도 화순군,,35.023104,127.107597
화순군,용생,,334000546,,,전라남도 화순군,,35.034294,127.0135805
화순군,용생,,334000547,,,전라남도 화순군,,35.0343,127.013388
화순군,우봉리,,334000550,,,전라남도 화순군,,34.952223,126.97646
화순군,우봉리,,334000551,,,전라남도 화순군,,34.952154,126.976341
화순군,우봉리입구,,334000552,,,전라남도 화순군,,34.948572,126.971098
화순군,우봉리입구,,334000553,,,전라남도 화순군,,34.948604,126.971207
화순군,우치리,,334000554,,,전라남도 화순군,,34.878878,126.901306
화순군,운산(리),,334000555,,,전라남도 화순군,,35.001822,127.01996
화순군,운산(리),,334000556,,,전라남도 화순군,,35.001903,127.019983
화순군,운산(리),,334000557,,,전라남도 화순군,,35.183105,127.094438
화순군,운산(리),,334000558,,,전라남도 화순군,,35.18304,127.094564
화순군,운월리,,334000559,,,전라남도 화순군,,34.976937,126.884483
화순군,운월리,,334000560,,,전라남도 화순군,,34.976938,126.884588
화순군,운주사,,334000561,,,전라남도 화순군,,34.915818,126.876707
화순군,운주사,,334000562,,,전라남도 화순군,,34.91565,126.876753
화순군,웅곡,,334000563,,,전라남도 화순군,,35.126133,127.145543
화순군,웅곡,,334000564,,,전라남도 화순군,,35.126231,127.145599
화순군,원동,,334000565,,,전라남도 화순군,,34.993066,127.081301
화순군,원동,,334000566,,,전라남도 화순군,,34.993109,127.081255
화순군,원동마을,,334000567,,,전라남도 화순군,,35.030365,126.908583
화순군,원동마을,,334000568,,,전라남도 화순군,,35.030464,126.908465
화순군,원리,,334000569,,,전라남도 화순군,,35.191125,127.133585
화순군,원리,,334000570,,,전라남도 화순군,,35.191068,127.133494
화순군,원지리,,334000571,,,전라남도 화순군,,35.00851389,126.9571806
화순군,원지리,,334000572,,,전라남도 화순군,,35.00844444,126.9572806
화순군,원천리1구,,334000573,,,전라남도 화순군,,34.941724,126.894946
화순군,원천리1구,,334000574,,,전라남도 화순군,,34.941665,126.894804
화순군,원천리2구,,334000575,,,전라남도 화순군,,34.939725,126.89717
화순군,원천리2구,,334000576,,,전라남도 화순군,,34.939666,126.897256
화순군,원화리,,334000577,,,전라남도 화순군,,35.035751,126.9063
화순군,원화리,,334000578,,,전라남도 화순군,,35.035722,126.906547
화순군,월곡(리),,334000579,,,전라남도 화순군,,34.988048,126.910368
화순군,월곡(리),,334000580,,,전라남도 화순군,,34.987998,126.910345
화순군,용곡(리),,334000581,,,전라남도 화순군,,35.161285,127.139373
화순군,용곡(리),,334000582,,,전라남도 화순군,,35.161295,127.139489
화순군,월곡입구,,334000583,,,전라남도 화순군,,34.990007,126.908007
화순군,월곡입구,,334000584,,,전라남도 화순군,,34.989914,126.908033
화순군,월곡입구,,334000585,,,전라남도 화순군,,34.993872,126.901458
화순군,월곡입구,,334000586,,,전라남도 화순군,,34.994026,126.901494
화순군,월곡초교,,334000587,,,전라남도 화순군,,34.986588,126.911512
화순군,월곡초교,,334000588,,,전라남도 화순군,,34.986631,126.911539
화순군,월봉,,334000589,,,전라남도 화순군,,34.900708,127.038387
화순군,월봉,,334000590,,,전라남도 화순군,,34.900678,127.03853
화순군,월산4동,,334000591,,,전라남도 화순군,,35.144191,126.891663
화순군,월산4동,,334000592,,,전라남도 화순군,,35.145238,126.890519
화순군,월산5동,,334000593,,,전라남도 화순군,,35.141413,126.893775
화순군,월산5동,,334000594,,,전라남도 화순군,,35.142194,126.89283
화순군,월전,,334000595,,,전라남도 화순군,,34.927338,126.896287
화순군,월전,,334000596,,,전라남도 화순군,,34.927339,126.896352
화순군,월평리,,334000597,,,전라남도 화순군,,34.927613,126.936575
화순군,월평리,,334000598,,,전라남도 화순군,,34.92755,126.936547
화순군,유창아파트,,334000605,,,전라남도 화순군,,35.063266,126.981201
화순군,유창아파트,,334000606,,,전라남도 화순군,,35.063391,126.98075
화순군,유천리입구,,334000607,,,전라남도 화순군,,35.066829,127.171493
화순군,율계(리)1구,,334000608,,,전라남도 화순군,,34.874339,126.995733
화순군,율계(리)1구,,334000609,,,전라남도 화순군,,34.874251,126.995639
화순군,율계(리)2구,,334000610,,,전라남도 화순군,,34.870152,127.004938
화순군,율계(리)2구,,334000611,,,전라남도 화순군,,34.870062,127.004968
화순군,율령,,334000612,,,전라남도 화순군,,35.087525,127.204353
화순군,율령,,334000613,,,전라남도 화순군,,35.087619,127.204387
화순군,읍애리,,334000614,,,전라남도 화순군,,35.061798,127.110815
화순군,읍애리,,334000615,,,전라남도 화순군,,35.061734,127.110754
화순군,이만리,,334000616,,,전라남도 화순군,,34.847777,126.94083
화순군,이만리,,334000617,,,전라남도 화순군,,34.847821,126.940748
화순군,이서농협삼거리,,334000618,,,전라남도 화순군,,35.111145,127.070571
화순군,이서농협삼거리,,334000619,,,전라남도 화순군,,35.111089,127.070602
화순군,이서면사무소,,334000620,,,전라남도 화순군,,35.110476,127.071986
화순군,이서면사무소,,334000621,,,전라남도 화순군,,35.110459,127.071894
화순군,이서파출소,,334000622,,,전라남도 화순군,,35.11047,127.075952
화순군,이서파출소,,334000623,,,전라남도 화순군,,35.11054,127.075987
화순군,이십곡리,,334000624,,,전라남도 화순군,,35.069166,126.975236
화순군,이십곡리,,334000625,,,전라남도 화순군,,35.069247,126.975352
화순군,이양고입구,,334000626,,,전라남도 화순군,,34.889431,126.989304
화순군,이양고입구,,334000627,,,전라남도 화순군,,34.889422,126.989222
화순군,이양농공단지,,334000628,,,전라남도 화순군,,34.902576,126.988462
화순군,이양농공단지,,334000629,,,전라남도 화순군,,34.902587,126.988338
화순군,이양면사무소,,334000630,,,전라남도 화순군,,34.887616,126.988934
화순군,이양면사무소,,334000631,,,전라남도 화순군,,34.887614,126.988832
화순군,이양역전,,334000632,,,전라남도 화순군,,34.891383,126.989438
화순군,이양역전,,334000633,,,전라남도 화순군,,34.891414,126.989323
화순군,이천(리)1구,,334000634,,,전라남도 화순군,,35.164785,127.123767
화순군,이천(리)1구,,334000635,,,전라남도 화순군,,35.164711,127.123843
화순군,임곡(리),,334000636,,,전라남도 화순군,,35.136223,127.093832
화순군,임곡(리),,334000637,,,전라남도 화순군,,35.136453,127.093602
화순군,임곡삼거리,,334000638,,,전라남도 화순군,,35.131205,127.084357
화순군,임곡삼거리,,334000639,,,전라남도 화순군,,35.131296,127.084367
화순군,자치샘삼거리,,334000640,,,전라남도 화순군,,35.0613,126.986352
화순군,자치샘삼거리,,334000641,,,전라남도 화순군,,35.061238,126.986308
화순군,자포,,334000642,,,전라남도 화순군,,35.01593,127.022315
화순군,자포,,334000643,,,전라남도 화순군,,35.01604,127.022255
화순군,장선,,334000646,,,전라남도 화순군,,35.004697,127.112692
화순군,장선,,334000647,,,전라남도 화순군,,35.00473,127.112396
화순군,장전(리),,334000648,,,전라남도 화순군,,35.013535,127.101501
화순군,장전(리),,334000649,,,전라남도 화순군,,35.013426,127.101399
화순군,장터정류장,,334000650,,,전라남도 화순군,,34.882679,126.987906
화순군,장터정류장,,334000651,,,전라남도 화순군,,34.882749,126.98785
화순군,재월리,,334000652,,,전라남도 화순군,,34.930532,126.907528
화순군,전남학숙,,334000653,,,전라남도 화순군,,35.052477,126.908961
화순군,전남학숙,,334000654,,,전라남도 화순군,,35.052451,126.90906
화순군,절동,,334000655,,,전라남도 화순군,,35.000282,127.121223
화순군,절동,,334000656,,,전라남도 화순군,,35.000048,127.121319
화순군,절산(리)1구,,334000657,,,전라남도 화순군,,35.008597,127.120483
화순군,절산(리)1구,,334000658,,,전라남도 화순군,,35.008606,127.120375
화순군,정리1구,,334000659,,,전라남도 화순군,,34.990829,126.996135
화순군,정리1구,,334000660,,,전라남도 화순군,,34.990569,126.99617
화순군,정리삼거리,,334000661,,,전라남도 화순군,,34.985347,126.999847
화순군,정리삼거리,,334000662,,,전라남도 화순군,,34.985073,126.999767
화순군,정수장입구,,334000663,,,전라남도 화순군,,35.054052,126.997872
화순군,정수장입구,,334000664,,,전라남도 화순군,,35.054011,126.997991
화순군,정천(리),,334000665,,,전라남도 화순군,,34.949788,126.891868
화순군,정천(리),,334000666,,,전라남도 화순군,,34.949824,126.891808
화순군,화순미륭아파트,,334000667,,,전라남도 화순군,,35.056756,126.992501
화순군,제일장식,,334000668,,,전라남도 화순군,,35.056508,126.992273
화순군,제일초등학교,,334000669,,,전라남도 화순군,,35.055108,126.994717
화순군,제일초등학교,,334000670,,,전라남도 화순군,,35.054941,126.994631
화순군,제정,,334000671,,,전라남도 화순군,,34.933092,126.902427
화순군,제정,,334000672,,,전라남도 화순군,,34.990798,126.996157
화순군,주도리2구,,334000675,,,전라남도 화순군,,35.032405,126.937352
화순군,주도리3구,,334000676,,,전라남도 화순군,,35.032236,126.939633
화순군,주도리3구,,334000677,,,전라남도 화순군,,35.032205,126.939641
화순군,주도리입구,,334000678,,,전라남도 화순군,,35.02945,126.954572
화순군,주도리입구,,334000679,,,전라남도 화순군,,35.029619,126.954602
화순군,주산(리),,334000680,,,전라남도 화순군,,34.982379,127.14661
화순군,주산(리),,334000681,,,전라남도 화순군,,34.982221,127.146581
화순군,주평,,334000686,,,전라남도 화순군,,35.027478,127.114507
화순군,주평,,334000687,,,전라남도 화순군,,35.02733,127.114381
화순군,죽청리,,334000688,,,전라남도 화순군,,35.013843,126.938715
화순군,죽청리,,334000689,,,전라남도 화순군,,35.013877,126.938865
화순군,중장터,,334000690,,,전라남도 화순군,,34.907897,126.873207
화순군,중장터,,334000691,,,전라남도 화순군,,34.90787,126.873153
화순군,지월리2구,,334000697,,,전라남도 화순군,,34.930432,126.897652
화순군,지월리2구,,334000698,,,전라남도 화순군,,34.930636,126.897698
화순군,지월리3구,,334000699,,,전라남도 화순군,,34.916927,126.89237
화순군,진등,,334000700,,,전라남도 화순군,,34.92368,127.00554
화순군,진등,,334000701,,,전라남도 화순군,,34.923662,127.005228
화순군,진등,,334000702,,,전라남도 화순군,,34.923598,127.005255
화순군,차리,,334000705,,,전라남도 화순군,,34.874753,126.966355
화순군,차리,,334000706,,,전라남도 화순군,,34.874841,126.966403
화순군,찰동,,334000707,,,전라남도 화순군,,35.028008,127.034275
화순군,찰동,,334000708,,,전라남도 화순군,,35.027958,127.034413
화순군,천덕리,,334000709,,,전라남도 화순군,,35.002902,126.958905
화순군,천덕리,,334000710,,,전라남도 화순군,,35.002863,126.958783
화순군,천동,,334000711,,,전라남도 화순군,,35.029688,127.047938
화순군,천동,,334000712,,,전라남도 화순군,,35.029583,127.048
화순군,천암리,,334000714,,,전라남도 화순군,,35.010653,126.909744
화순군,천암리,,334000715,,,전라남도 화순군,,35.010939,126.909741
화순군,천운장,,334000719,,,전라남도 화순군,,35.032938,127.057561
화순군,천운장,,334000720,,,전라남도 화순군,,35.032822,127.057233
화순군,천태리,,334000721,,,전라남도 화순군,,34.930464,126.907993
화순군,천태리,,334000722,,,전라남도 화순군,,34.930435,126.907848
화순군,천태초교,,334000723,,,전라남도 화순군,,34.94462,126.893321
화순군,천태초교,,334000724,,,전라남도 화순군,,34.94471,126.893173
화순군,청궁(리),,334000725,,,전라남도 화순군,,35.07455,127.058223
화순군,청궁(리),,334000726,,,전라남도 화순군,,35.07462,127.058156
화순군,청궁입구,,334000727,,,전라남도 화순군,,35.046717,127.081408
화순군,청궁입구,,334000728,,,전라남도 화순군,,35.04663,127.081336
화순군,청궁폭포,,334000729,,,전라남도 화순군,,35.078609,127.055804
화순군,청궁폭포,,334000730,,,전라남도 화순군,,35.078635,127.055734
화순군,청령마을,,334000731,,,전라남도 화순군,,34.912618,126.989753
화순군,청령마을,,334000732,,,전라남도 화순군,,34.912652,126.989647
화순군,청소(리),,334000733,,,전라남도 화순군,,34.898678,126.875018
화순군,청소(리),,334000734,,,전라남도 화순군,,34.898673,126.8748475
화순군,청풍교,,334000735,,,전라남도 화순군,,34.879913,126.977229
화순군,청풍교,,334000736,,,전라남도 화순군,,34.879992,126.977269
화순군,청풍면사무소,,334000737,,,전라남도 화순군,,34.876454,126.970735
화순군,청풍면사무소,,334000738,,,전라남도 화순군,,34.876579,126.970504
화순군,초방(리)1구,,334000739,,,전라남도 화순군,,34.855589,127.006623
화순군,초방(리)1구,,334000740,,,전라남도 화순군,,34.855611,127.006545
화순군,초방(리)2구,,334000741,,,전라남도 화순군,,34.850727,126.999805
화순군,초방(리)2구,,334000742,,,전라남도 화순군,,34.850654,126.999794
화순군,춘양건널목,,334000743,,,전라남도 화순군,,34.949246,126.96404
화순군,춘양건널목,,334000744,,,전라남도 화순군,,34.948892,126.964032
화순군,춘양삼거리,,334000745,,,전라남도 화순군,,34.951904,126.967546
화순군,춘양삼거리,,334000746,,,전라남도 화순군,,34.951996,126.967463
화순군,춘양초교,,334000747,,,전라남도 화순군,,34.948694,126.959679
화순군,춘양초교,,334000748,,,전라남도 화순군,,34.948762,126.959606
화순군,춘양합동정류소,,334000749,,,전라남도 화순군,,34.951763,126.961366
화순군,춘양합동정류소,,334000750,,,전라남도 화순군,,34.95173,126.96128
화순군,충의사,,334000751,,,전라남도 화순군,,35.036401,127.010686
화순군,충의사,,334000752,,,전라남도 화순군,,35.036333,127.010641
화순군,칠송,,334000753,,,전라남도 화순군,,34.95142,126.947381
화순군,칠송,,334000754,,,전라남도 화순군,,34.951398,126.947276
화순군,큰재,,334000755,,,전라남도 화순군,,35.071569,126.999966
화순군,큰재,,334000756,,,전라남도 화순군,,35.071723,126.999933
화순군,탑동,,334000757,,,전라남도 화순군,,35.08657,127.13204
화순군,탑동,,334000758,,,전라남도 화순군,,35.086466,127.131903
화순군,터널,,334000759,,,전라남도 화순군,,35.080038,127.174205
화순군,터널,,334000760,,,전라남도 화순군,,35.080139,127.174172
화순군,통적골,,334000761,,,전라남도 화순군,,34.888789,126.862411
화순군,통적골,,334000762,,,전라남도 화순군,,34.888771,126.862285
화순군,평리,,334000763,,,전라남도 화순군,,34.997139,126.901864
화순군,평리,,334000764,,,전라남도 화순군,,34.99737,126.901789
화순군,한천평리,,334000765,,,전라남도 화순군,,34.987726,127.078565
화순군,한천평리,,334000766,,,전라남도 화순군,,34.987758,127.078483
화순군,품평리,,334000767,,,전라남도 화순군,,34.905339,126.987188
화순군,품평리,,334000768,,,전라남도 화순군,,34.90537,126.987075
화순군,풍암리,,334000770,,,전라남도 화순군,,34.933318,126.985653
화순군,풍암리,,334000771,,,전라남도 화순군,,34.933259,126.9856
화순군,하수락,,334000772,,,전라남도 화순군,,34.894058,126.870443
화순군,하수락,,334000773,,,전라남도 화순군,,34.89399,126.870482
화순군,한계리,,334000778,,,전라남도 화순군,,34.975573,126.995803
화순군,한계리,,334000779,,,전라남도 화순군,,34.975626,126.996256
화순군,한보요업,,334000780,,,전라남도 화순군,,35.046972,126.999275
화순군,한보요업,,334000781,,,전라남도 화순군,,35.046808,126.999275
화순군,구한전주유소,,334000782,,,전라남도 화순군,,35.060402,126.989363
화순군,구한전주유소,,334000783,,,전라남도 화순군,,35.060555,126.989355
화순군,한지리1구,,334000784,,,전라남도 화순군,,34.910707,126.979627
화순군,한지리1구,,334000785,,,전라남도 화순군,,34.910976,126.979568
화순군,한지리2구,,334000787,,,전라남도 화순군,,34.906203,126.978814
화순군,한지리2구,,334000788,,,전라남도 화순군,,34.906256,126.978739
화순군,한천정류장,,334000789,,,전라남도 화순군,,35.057009,127.129224
화순군,한천정류장,,334000790,,,전라남도 화순군,,35.057048,127.129122
화순군,한천초교,,334000791,,,전라남도 화순군,,34.979913,127.003157
화순군,한천초교,,334000792,,,전라남도 화순군,,34.979845,127.003131
화순군,한천초교입구,,334000793,,,전라남도 화순군,,34.977696,127.001942
화순군,한천초교입구,,334000794,,,전라남도 화순군,,34.977634,127.001932
화순군,해수정,,334000795,,,전라남도 화순군,,34.859013,126.961535
화순군,해수정,,334000796,,,전라남도 화순군,,34.859078,126.961385
화순군,해오름주유소,,334000797,,,전라남도 화순군,,35.085053,127.216087
화순군,해오름주유소,,334000798,,,전라남도 화순군,,35.084939,127.215811
화순군,행산(리),,334000799,,,전라남도 화순군,,34.875381,126.829642
화순군,호동,,334000801,,,전라남도 화순군,,34.99945,127.007614
화순군,호암(리)1구,,334000802,,,전라남도 화순군,,34.900025,126.885647
화순군,호암(리)1구,,334000803,,,전라남도 화순군,,34.900084,126.885618
화순군,화남마을,,334000804,,,전라남도 화순군,,35.045347,126.904919
화순군,화남마을,,334000805,,,전라남도 화순군,,35.04435,126.904439
화순군,화림(리),,334000808,,,전라남도 화순군,,34.95862,126.96317
화순군,화림(리),,334000809,,,전라남도 화순군,,34.958659,126.963294
화순군,화산(리)입구,,334000810,,,전라남도 화순군,,34.990247,127.089323
화순군,하서마을입구,,334000811,,,전라남도 화순군,,35.057792,127.035035
화순군,하서마을입구,,334000812,,,전라남도 화순군,,35.057936,127.034934
화순군,화순공공도서관입구,,334000813,,,전라남도 화순군,,35.062444,126.983652
화순군,화순공공도서관입구,,334000814,,,전라남도 화순군,,35.062791,126.982608
화순군,화순광업소,,334000815,,,전라남도 화순군,,35.033427,127.070025
화순군,화순광업소,,334000816,,,전라남도 화순군,,35.033336,127.069908
화순군,화순교(남),,334000817,,,전라남도 화순군,,35.059625,126.989258
화순군,화순교(동),,334000818,,,전라남도 화순군,,35.060555,126.989355
화순군,화순교(동),,334000819,,,전라남도 화순군,,35.060402,126.989363
화순군,화순교통,,334000820,,,전라남도 화순군,,35.167207,126.839629
화순군,화순군선거관리위원회,,334000821,,,전라남도 화순군,,35.063386,126.980111
화순군,화순군선거관리위원회,,334000822,,,전라남도 화순군,,35.063325,126.980005
화순군,화순군청,,334000823,,,전라남도 화순군,,35.063051,126.986662
화순군,화순군청,,334000824,,,전라남도 화순군,,35.063084,126.986471
화순군,화순미륭아파트,,334000825,,,전라남도 화순군,,35.057452,126.992308
화순군,화순부영2차아파트,,334000826,,,전라남도 화순군,,35.05823,126.992416
화순군,화순부영3차아파트,,334000827,,,전라남도 화순군,,35.060358,126.994094
화순군,화순부영3차아파트,,334000828,,,전라남도 화순군,,35.060513,126.994194
화순군,화순부영2차아파트,,334000829,,,전라남도 화순군,,35.058958,126.992308
화순군,화순부영아파트,,334000830,,,전라남도 화순군,,35.059528,126.992535
화순군,화순사평,,334000831,,,전라남도 화순군,,35.006125,127.098825
화순군,화순시장,,334000832,,,전라남도 화순군,,35.059575,126.982613
화순군,화순시장,,334000833,,,전라남도 화순군,,35.059602,126.982569
화순군,유천리(화순실고),,334000834,,,전라남도 화순군,,35.068257,126.991485
화순군,유천리(화순실고),,334000835,,,전라남도 화순군,,35.068118,126.99149
화순군,화순역,,334000836,,,전라남도 화순군,,35.052275,126.962191
화순군,화순역,,334000837,,,전라남도 화순군,,35.052375,126.962258
화순군,화순우체국,,334000838,,,전라남도 화순군,,35.060397,126.991491
화순군,화순우체국,,334000839,,,전라남도 화순군,,35.06053,126.9915
화순군,화순자애원,,334000840,,,전라남도 화순군,,35.045453,127.000867
화순군,화순자애원,,334000841,,,전라남도 화순군,,35.045508,127.00095
화순군,화순전남대병원,,334000842,,,전라남도 화순군,,35.059197,127.001966
화순군,화순전남대병원,,334000843,,,전라남도 화순군,,35.059063,127.002066
화순군,자활센터,,334000844,,,전라남도 화순군,,35.060402,126.999633
화순군,자활센터,,334000845,,,전라남도 화순군,,35.060247,127.00035
화순군,화순정류장,,334000846,,,전라남도 화순군,,35.062188,126.983883
화순군,화순정류장,,334000847,,,전라남도 화순군,,35.062316,126.984001
화순군,화순제일중,,334000848,,,전라남도 화순군,,35.054411,126.976375
화순군,화순제일중,,334000849,,,전라남도 화순군,,35.054361,126.976419
화순군,힐스테이트화순1단지아파트,,334000850,,,전라남도 화순군,,35.061291,126.983819
화순군,힐스테이트화순1단지아파트,,334000851,,,전라남도 화순군,,35.061305,126.983744
화순군,화순중(남),,334000852,,,전라남도 화순군,,35.055627,126.979005
화순군,화순중(남),,334000853,,,전라남도 화순군,,35.055688,126.979005
화순군,화순중(북),,334000854,,,전라남도 화순군,,35.056994,126.979708
화순군,화순중(북),,334000855,,,전라남도 화순군,,35.056955,126.979761
화순군,화순터널,,334000856,,,전라남도 화순군,,35.075355,126.96113
화순군,화순터미널,,334000857,,,전라남도 화순군,,35.055752,126.983141
화순군,화순터미널,,334000858,,,전라남도 화순군,,35.055688,126.983133
화순군,회송리1구,,334000861,,,전라남도 화순군,,34.950187,126.952168
화순군,회송리1구,,334000862,,,전라남도 화순군,,34.950125,126.952147
화순군,효산리,,334000863,,,전라남도 화순군,,34.99505,126.918174
화순군,효산리,,334000864,,,전라남도 화순군,,34.994999,126.918131
화순군,일심리,,334000865,,,전라남도 화순군,,35.054676,126.997062
화순군,일심리,,334000866,,,전라남도 화순군,,35.054537,126.996978
화순군,남계리,,334000868,,,전라남도 화순군,,34.989242,127.158138
화순군,남계리,,334000869,,,전라남도 화순군,,34.989262,127.158066
화순군,삼마,,334000872,,,전라남도 화순군,,35.000165,127.164578
화순군,삼마,,334000873,,,전라남도 화순군,,35.000163,127.164474
화순군,유마사,,334000874,,,전라남도 화순군,,35.015716,127.17163
화순군,화순사평,,334000875,,,전라남도 화순군,,35.006244,127.098725
화순군,화순서라아파트,,334000876,,,전라남도 화순군,,35.053123,126.969217
화순군,화순서라아파트,,334000877,,,전라남도 화순군,,35.053195,126.969048
화순군,화순영재교육원,,334000880,,,전라남도 화순군,,35.031975,127.01455
화순군,화순영재교육원,,334000881,,,전라남도 화순군,,35.03195,127.014441
화순군,밀양(내리),,334000882,,,전라남도 화순군,,35.03363417,127.136055
화순군,절산(리),,334000883,,,전라남도 화순군,,35.002406,127.120582
화순군,절산(리),,334000884,,,전라남도 화순군,,35.002366,127.120526
화순군,내리2구,,334000885,,,전라남도 화순군,,35.034679,127.131383
화순군,내리2구,,334000886,,,전라남도 화순군,,35.034732,127.131372
화순군,복암,,334000887,,,전라남도 화순군,,35.046511,127.081574
화순군,복암,,334000888,,,전라남도 화순군,,35.046478,127.081408
화순군,무포리,,334000889,,,전라남도 화순군,,35.053612,127.073721
화순군,무포리,,334000890,,,전라남도 화순군,,35.053601,127.073622
화순군,사평중,,334000891,,,전라남도 화순군,,35.003269,127.089455
화순군,사평중,,334000892,,,전라남도 화순군,,35.003254,127.089551
화순군,동산(종점),,334000893,,,전라남도 화순군,,34.966798,127.063958
화순군,정우리,,334000894,,,전라남도 화순군,,34.974731,127.072731
화순군,정우리,,334000895,,,전라남도 화순군,,34.9747,127.072853
화순군,오곡,,334000896,,,전라남도 화순군,,34.973001,127.069124
화순군,가수리1구,,334000897,,,전라남도 화순군,,35.097824,127.148734
화순군,용리,,334000898,,,전라남도 화순군,,35.024486,127.111714
화순군,용리,,334000899,,,전라남도 화순군,,35.024562,127.111663
화순군,주암(종점),,334000900,,,전라남도 화순군,,35.076587,127.234123
화순군,월봉,,334000901,,,전라남도 화순군,,35.084892,127.215743
화순군,월봉,,334000902,,,전라남도 화순군,,35.085071,127.215725
화순군,주평,,334000903,,,전라남도 화순군,,35.027279,127.114979
화순군,주평,,334000904,,,전라남도 화순군,,35.027244,127.114896
화순군,한영휴게소,,334000905,,,전라남도 화순군,,35.079833,127.174026
화순군,한영휴게소,,334000906,,,전라남도 화순군,,35.080011,127.173963
화순군,운룡,,334000907,,,전라남도 화순군,,35.087715,127.204429
화순군,운룡,,334000908,,,전라남도 화순군,,35.087505,127.204449
화순군,북면,,334000909,,,전라남도 화순군,,35.166919,127.132919
화순군,신율,,334000910,,,전라남도 화순군,,35.096667,127.136533
화순군,신율,,334000911,,,전라남도 화순군,,35.096633,127.136673
화순군,용암(종점),,334000912,,,전라남도 화순군,,34.959373,127.195564
화순군,죽산,,334000913,,,전라남도 화순군,,34.974227,127.175178
화순군,죽산,,334000914,,,전라남도 화순군,,34.97445,127.17506
화순군,내리입구,,334000915,,,전라남도 화순군,,35.039029,127.122779
화순군,수리입구,,334000916,,,전라남도 화순군,,35.130899,127.14219
화순군,수리입구,,334000917,,,전라남도 화순군,,35.131016,127.14205
화순군,밤실입구,,334000918,,,전라남도 화순군,,35.090784,127.132528
화순군,밤실입구,,334000919,,,전라남도 화순군,,35.090797,127.132394
화순군,내리입구,,334000920,,,전라남도 화순군,,35.039146,127.1228
화순군,북면사무소,,334000921,,,전라남도 화순군,,35.16779,127.132756
화순군,북면사무소,,334000922,,,전라남도 화순군,,35.167737,127.132665
화순군,와천리,,344000923,,,전라남도 화순군,,35.140094,127.113082
화순군,와천리,,334000924,,,전라남도 화순군,,35.140228,127.113123
화순군,현대자동차,,334000925,,,전라남도 화순군,,35.055788,126.990511
화순군,현대자동차,,334000926,,,전라남도 화순군,,35.055683,126.990497
화순군,가수리입구,,334000927,,,전라남도 화순군,,35.100462,127.140757
화순군,가수리입구,,334000928,,,전라남도 화순군,,35.100519,127.140631
화순군,만인리,,334000929,,,전라남도 화순군,,35.009315,126.963081
화순군,옥천사,,334000930,,,전라남도 화순군,,34.9987984,126.9435196
화순군,옥천사,,334000931,,,전라남도 화순군,,34.998728,126.943502
화순군,송단,,334000932,,,전라남도 화순군,,35.190513,127.158377
화순군,송단,,334000933,,,전라남도 화순군,,35.190568,127.158347
화순군,원리,,334000934,,,전라남도 화순군,,35.190745,127.134972
화순군,원리,,334000935,,,전라남도 화순군,,35.190745,127.13491
화순군,백아산관광목장,,334000936,,,전라남도 화순군,,35.175144,127.136654
화순군,백아산관광목장,,334000937,,,전라남도 화순군,,35.175201,127.136512
화순군,대곡(종점),,334000938,,,전라남도 화순군,,34.988712,127.100608
화순군,대곡입구,,334000939,,,전라남도 화순군,,34.995436,127.091523
화순군,대곡입구,,334000940,,,전라남도 화순군,,34.995476,127.09156
화순군,화림2구,,334000941,,,전라남도 화순군,,34.962471,126.961538
화순군,화림2구,,334000942,,,전라남도 화순군,,34.962425,126.961631
화순군,도웅리1구,,334000943,,,전라남도 화순군,,35.051524,126.939857
화순군,백암마을,,334000944,,,전라남도 화순군,,35.01511,126.909912
화순군,백암마을,,334000945,,,전라남도 화순군,,35.015058,126.909999
화순군,효산삼거리,,334000948,,,전라남도 화순군,,34.998647,126.910149
화순군,효산삼거리,,334000949,,,전라남도 화순군,,34.998682,126.910431
화순군,도곡,,334000950,,,전라남도 화순군,,34.997682,126.917547
화순군,도곡,,334000951,,,전라남도 화순군,,34.997761,126.917547
화순군,화순부영3차아파트,,334000952,,,전라남도 화순군,,35.060792,126.992319
화순군,화순부영3차아파트,,334000953,,,전라남도 화순군,,35.061044,126.992528
화순군,도곡온천,,334000954,,,전라남도 화순군,,35.024426,126.904146
화순군,도곡온천,,334000955,,,전라남도 화순군,,35.024426,126.904345
화순군,온천마을,,334000956,,,전라남도 화순군,,35.021527,126.906185
화순군,온천마을,,334000957,,,전라남도 화순군,,35.02158,126.906257
화순군,천암마을입구,,334000958,,,전라남도 화순군,,35.0178108,126.9093552
화순군,천암마을입구,,334000959,,,전라남도 화순군,,35.01779,126.909304
화순군,세량리주유소,,334000960,,,전라남도 화순군,,35.065885,126.912075
화순군,세량리주유소,,334000961,,,전라남도 화순군,,35.065912,126.911893
화순군,잠정햇살마을,,334000962,,,전라남도 화순군,,34.984905,126.961738
화순군,잠정햇살마을,,334000963,,,전라남도 화순군,,34.984957,126.961825
화순군,도곡,,334000964,,,전라남도 화순군,,34.997774,126.917391
화순군,도곡,,334000965,,,전라남도 화순군,,34.997713,126.917388
화순군,도곡복지회관,,334000966,,,전라남도 화순군,,34.9979935,126.9148407
화순군,도곡복지회관,,334000967,,,전라남도 화순군,,34.997921,126.914832
화순군,신기,,334000968,,,전라남도 화순군,,34.894027,126.8705292
화순군,신기,,334000969,,,전라남도 화순군,,34.894076,126.870428
화순군,봉하,,334000970,,,전라남도 화순군,,34.898713,126.874916
화순군,봉하,,334000971,,,전라남도 화순군,,34.898711,126.875007
화순군,옥동,,334000972,,,전라남도 화순군,,34.941507,126.910082
화순군,원천3리,,334000973,,,전라남도 화순군,,34.936183,126.895507
화순군,원천3리,,334000974,,,전라남도 화순군,,34.936115,126.895531
화순군,대초삼거리,,334000975,,,전라남도 화순군,,34.938189,126.876753
화순군,대초삼거리,,334000976,,,전라남도 화순군,,34.938158,126.876817
화순군,변천리,,334000977,,,전라남도 화순군,,34.9193,126.9336394
화순군,안성리,,334000978,,,전라남도 화순군,,34.92426306,126.9131469
화순군,안성리,,334000979,,,전라남도 화순군,,34.924282,126.913218
화순군,회송리,,334000980,,,전라남도 화순군,,34.94537361,126.9361572
화순군,회송리,,334000981,,,전라남도 화순군,,34.945337,126.936357
화순군,지월2구,,334000982,,,전라남도 화순군,,34.927253,126.896338
화순군,지월2구,,334000983,,,전라남도 화순군,,34.927276,126.8962556
화순군,한천마을,,334000984,,,전라남도 화순군,,34.97575,126.9962539
화순군,한천마을,,334000985,,,전라남도 화순군,,34.975806,126.996211
화순군,한천면사무소,,334000986,,,전라남도 화순군,,34.977311,126.998665
화순군,한천면사무소,,334000987,,,전라남도 화순군,,34.977412,126.998568
화순군,한계리,,334000988,,,전라남도 화순군,,34.979968,127.003088
화순군,한계리,,334000989,,,전라남도 화순군,,34.979845,127.003029
화순군,청계,,334000990,,,전라남도 화순군,,34.981795,127.002347
화순군,청계,,334000991,,,전라남도 화순군,,34.981759,127.002251
화순군,청계입구,,334000992,,,전라남도 화순군,,34.985179,126.999775
화순군,청계입구,,334000993,,,전라남도 화순군,,34.985179,126.999802
화순군,정동,,334000994,,,전라남도 화순군,,34.989594,126.984452
화순군,정동,,334000995,,,전라남도 화순군,,34.989517,126.934398
화순군,정리2구,,334000996,,,전라남도 화순군,,34.990879,126.996139
화순군,정리2구,,334000997,,,전라남도 화순군,,34.99055,126.996192
화순군,오음교,,334000998,,,전라남도 화순군,,34.976659,127.008739
화순군,오음교,,334000999,,,전라남도 화순군,,34.976758,127.008763
화순군,오음3구,,334001000,,,전라남도 화순군,,34.986324,127.03955
화순군,덕곡2구,,334001001,,,전라남도 화순군,,35.008109,126.890735
화순군,덕곡2구,,334001002,,,전라남도 화순군,,35.008045,126.890727
화순군,증동,,334001003,,,전라남도 화순군,,34.883834,127.066361
화순군,증동,,334001004,,,전라남도 화순군,,34.883852,127.066455
화순군,증리,,334001005,,,전라남도 화순군,,34.878353,127.068107
화순군,묘치재,,334001006,,,전라남도 화순군,,35.069645,127.0906525
화순군,묘치재,,334001007,,,전라남도 화순군,,35.069599,127.0904922
화순군,성산초소,,334001008,,,전라남도 화순군,,35.085601,127.094703
화순군,성산초소,,334001009,,,전라남도 화순군,,35.085545,127.0945
화순군,용호,,334001010,,,전라남도 화순군,,35.11054611,127.0760881
화순군,용호,,334001011,,,전라남도 화순군,,35.110474,127.076111
화순군,산사,,334001012,,,전라남도 화순군,,35.110351,127.072212
화순군,산사,,334001013,,,전라남도 화순군,,35.110483,127.071809
화순군,산사,,334001014,,,전라남도 화순군,,35.111145,127.070571
화순군,산사,,334001015,,,전라남도 화순군,,35.111111,127.070543
화순군,삼하,,334001016,,,전라남도 화순군,,35.108115,127.044799
화순군,삼하,,334001017,,,전라남도 화순군,,35.1081314,127.0447769
화순군,용강마을,,334001018,,,전라남도 화순군,,35.1203079,127.0477448
화순군,용강마을,,334001019,,,전라남도 화순군,,35.12031,127.047693
화순군,인계리,,334001020,,,전라남도 화순군,,35.1292953,127.0427628
화순군,인계리,,334001021,,,전라남도 화순군,,35.12928,127.04276
화순군,구산,,334001022,,,전라남도 화순군,,35.130375,127.0805742
화순군,구산,,334001023,,,전라남도 화순군,,35.130386,127.080555
화순군,장단마을,,334001024,,,전라남도 화순군,,35.131185,127.084308
화순군,장단마을,,334001025,,,전라남도 화순군,,35.13138194,127.0842133
화순군,물염정,,334001026,,,전라남도 화순군,,35.131584,127.105758
화순군,물염정,,334001027,,,전라남도 화순군,,35.13154,127.105835
화순군,청용리,,334001028,,,전라남도 화순군,,34.874225,126.940968
화순군,청용리,,334001029,,,전라남도 화순군,,34.874256,126.941013
화순군,길성,,334001030,,,전라남도 화순군,,35.155773,127.12194
화순군,길성,,334001031,,,전라남도 화순군,,35.155808,127.121893
화순군,하다,,334001032,,,전라남도 화순군,,35.128859,127.133242
화순군,하다,,334001033,,,전라남도 화순군,,35.128795,127.1336289
화순군,봉녕,,334001034,,,전라남도 화순군,,35.065999,127.122835
화순군,봉녕,,334001035,,,전라남도 화순군,,35.0661125,127.1226578
화순군,구봉산,,334001036,,,전라남도 화순군,,35.037403,127.077835
화순군,구봉산,,334001037,,,전라남도 화순군,,35.037286,127.077793
화순군,고초골,,334001038,,,전라남도 화순군,,35.114902,127.063038
화순군,고초골,,334001039,,,전라남도 화순군,,35.114933,127.062711
화순군,월정,,334001040,,,전라남도 화순군,,35.116519,127.05925
화순군,월정,,334001041,,,전라남도 화순군,,35.116567,127.059307
화순군,옹림,,334001042,,,전라남도 화순군,,35.007211,127.021764
화순군,영평,,334001043,,,전라남도 화순군,,35.115676,127.041666
화순군,영평,,334001044,,,전라남도 화순군,,35.115606,127.041695
화순군,임곡5반,,334001045,,,전라남도 화순군,,35.131893,127.089028
화순군,임곡5반,,334001046,,,전라남도 화순군,,35.131961,127.089018
화순군,세청리,,334001047,,,전라남도 화순군,,34.892773,126.975737
화순군,세청리,,334001048,,,전라남도 화순군,,34.892773,126.975617
화순군,연화리(종점),,334001049,,,전라남도 화순군,,34.853977,127.022048
화순군,괴화,,334001050,,,전라남도 화순군,,34.859659,127.039402
화순군,괴화,,334001051,,,전라남도 화순군,,34.858893,127.039311
화순군,사동,,334001052,,,전라남도 화순군,,34.885632,127.056617
화순군,사동,,334001053,,,전라남도 화순군,,34.885539,127.056606
화순군,쌍봉사(종점),,334001054,,,전라남도 화순군,,34.886947,127.060447
화순군,백운리(종점),,334001057,,,전라남도 화순군,,34.883779,126.943846
화순군,초방리(종점),,334001058,,,전라남도 화순군,,34.844971,126.99491
화순군,청풍면사무소,,334001059,,,전라남도 화순군,,34.876646,126.970461
화순군,청풍면사무소,,334001060,,,전라남도 화순군,,34.876569,126.970394
화순군,화순수도원,,334001061,,,전라남도 화순군,,34.951306,126.968476
화순군,화순수도원,,334001062,,,전라남도 화순군,,34.951253,126.968549
화순군,경현리마을,,334001063,,,전라남도 화순군,,35.059861,127.082242
화순군,경현리입구,,334001064,,,전라남도 화순군,,35.05309,127.087427
화순군,경현리입구,,334001065,,,전라남도 화순군,,35.053151,127.087336
화순군,대비리입구,,334001066,,,전라남도 화순군,,34.879401,126.969885
화순군,대비리입구,,334001067,,,전라남도 화순군,,34.879445,126.969793
화순군,동림(종점),,334001068,,,전라남도 화순군,,35.054418,127.052979
화순군,송정입구,,334001069,,,전라남도 화순군,,34.868994,127.011617
화순군,송정입구,,334001070,,,전라남도 화순군,,34.869074,127.011598
화순군,도곡사거리,,334001071,,,전라남도 화순군,,34.999697,126.901901
화순군,대초리(종점),,334001072,,,전라남도 화순군,,34.936286,126.873313
화순군,벽지리2구,,334001073,,,전라남도 화순군,,34.95755,126.903572
화순군,덕산,,334001074,,,전라남도 화순군,,34.902952,126.878647
화순군,덕산,,334001075,,,전라남도 화순군,,34.903014,126.878628
화순군,효산삼거리,,334001076,,,전라남도 화순군,,34.998737,126.910294
화순군,효산삼거리,,334001077,,,전라남도 화순군,,34.998792,126.910133
화순군,오음2구,,334001078,,,전라남도 화순군,,34.96921,127.02977
화순군,양곡(종점),,334001079,,,전라남도 화순군,,34.949527,126.932444
화순군,천태2구,,334001080,,,전라남도 화순군,,34.929054,126.912687
화순군,천태2구,,334001081,,,전라남도 화순군,,34.92898,126.912678
화순군,제정,,334001082,,,전라남도 화순군,,34.93305,126.902347
화순군,모산,,334001083,,,전라남도 화순군,,34.988559,126.916525
화순군,모산,,334001084,,,전라남도 화순군,,34.988543,126.916479
화순군,월곡1구,,334001085,,,전라남도 화순군,,34.986634,126.91137
화순군,월곡1구,,334001086,,,전라남도 화순군,,34.98673,126.911421
화순군,유곡,,334001087,,,전라남도 화순군,,34.987932,126.910399
화순군,유곡,,334001088,,,전라남도 화순군,,34.988018,126.910447
화순군,월곡2구,,334001089,,,전라남도 화순군,,34.989895,126.908172
화순군,월곡2구,,334001090,,,전라남도 화순군,,34.989958,126.90829
화순군,하서마을,,334001091,,,전라남도 화순군,,35.054938,127.037895
화순군,중지마을,,334001092,,,전라남도 화순군,,35.100429,126.994987
화순군,중지마을,,334001093,,,전라남도 화순군,,35.100459,126.994886
화순군,연양2구,,334001094,,,전라남도 화순군,,35.038728,126.967483
화순군,연양2구,,334001095,,,전라남도 화순군,,35.038685,126.967481
화순군,삼천리,,334001096,,,전라남도 화순군,,35.043407,126.98384
화순군,삼천리,,334001097,,,전라남도 화순군,,35.043375,126.983894
화순군,백암리,,334001098,,,전라남도 화순군,,35.023486,126.960148
화순군,백암리,,334001099,,,전라남도 화순군,,35.023526,126.96018
화순군,안양산휴양림,,334001100,,,전라남도 화순군,,35.091672,127.027018
화순군,안양산휴양림,,334001101,,,전라남도 화순군,,35.091749,127.027053
화순군,광사리,,334001102,,,전라남도 화순군,,35.027938,126.970142
화순군,광사리,,334001103,,,전라남도 화순군,,35.02787,126.970137
화순군,이서분교,,334001104,,,전라남도 화순군,,35.117412,127.043997
화순군,감도리3구,,334001105,,,전라남도 화순군,,35.030901,126.973299
화순군,감도리3구,,334001106,,,전라남도 화순군,,35.030758,126.973144
화순군,내평리,,334001107,,,전라남도 화순군,,35.0350838,126.9670715
화순군,내평리,,334001108,,,전라남도 화순군,,35.034909,126.966948
화순군,감도리1구,,334001109,,,전라남도 화순군,,35.034681,126.980198
화순군,읍사무소,,334001110,,,전라남도 화순군,,35.060506,126.983943
화순군,읍사무소,,334001111,,,전라남도 화순군,,35.060366,126.983938
화순군,중앙병원,,334001112,,,전라남도 화순군,,35.058415,126.981255
화순군,중앙병원,,334001113,,,전라남도 화순군,,35.058045,126.98102
화순군,화순요양원,,334001114,,,전라남도 화순군,,35.042941,126.9542094
화순군,화순요양원,,334001115,,,전라남도 화순군,,35.042835,126.954208
화순군,오성초등학교,,334001116,,,전라남도 화순군,,35.053261,126.964933
화순군,오성초등학교,,334001117,,,전라남도 화순군,,35.053156,126.9654
화순군,대리교통광장,,334001118,,,전라남도 화순군,,35.053045,126.972891
화순군,고인돌공원주차장,,334001119,,,전라남도 화순군,,34.9871427,126.917351
화순군,고인돌공원주차장,,334001120,,,전라남도 화순군,,34.987116,126.917072
화순군,반곡,,334001121,,,전라남도 화순군,,35.1898498,127.1124586
화순군,반곡,,334001122,,,전라남도 화순군,,35.189791,127.112313
화순군,월곡,,334001123,,,전라남도 화순군,,35.188856,127.100175
화순군,월곡,,334001124,,,전라남도 화순군,,35.188831,127.099914
화순군,맹리,,334001125,,,전라남도 화순군,,35.179689,127.093212
화순군,맹리,,334001126,,,전라남도 화순군,,35.179476,127.093228
화순군,서유1구,,334001127,,,전라남도 화순군,,35.1612021,127.0859144
화순군,서유1구,,334001128,,,전라남도 화순군,,35.173704,127.092935
화순군,북면온천,,334001129,,,전라남도 화순군,,35.1612021,127.0859144
화순군,북면온천(종점),,334001130,,,전라남도 화순군,,35.163119,127.084131
화순군,능주정류장,,334001131,,,전라남도 화순군,,34.991521,126.958256
화순군,삼천리(축협하나로),,334001132,,,전라남도 화순군,,35.052896,126.989094
화순군,산이고운아파트후문,,334001133,,,전라남도 화순군,,35.054421,126.981738
화순군,산이고운아파트정문,,334001134,,,전라남도 화순군,,35.053188,126.98174
화순군,한양립스아파트정문,,334001135,,,전라남도 화순군,,35.053074,126.979583
화순군,양촌(녹십자입구),,334001136,,,전라남도 화순군,,35.037446,126.962445
화순군,도암농협,,334001138,,,전라남도 화순군,,34.936217,126.898153
화순군,도암농협,,334001139,,,전라남도 화순군,,34.936243,126.898032
